{"Scan height Hz": 1.5e-06, "Scan area x-dimension Sx": 0.0009251999999999999, "Scan area y-dimension Sy": 0.0011412, "Scan x-step Sdx": 1.2e-06, "Scan y-step Sdy": 1.2e-06, "Time stamp": "20250523-112336", "Sensor origin x": 0.0, "Sensor origin y": 0.0, "Number of particles": 4272}